id,sdg
1,4
2,11
3,5
4,11
5,5
6,5
7,8
8,4
9,12
10,8
11,2
12,11
13,3
14,3
15,5
16,6
17,5
18,5
19,2
20,9
21,1
22,4
23,4
24,4
25,4
26,10
27,4
28,2
29,6
30,2
31,10
32,4
33,9
34,5
35,4
36,5
37,14
38,5
39,9
40,4
41,14
42,1
43,5
44,10
45,5
46,4
47,13
48,5
49,13
50,6
51,7
52,5
53,4
54,4
55,1
56,2
57,4
58,3
59,4
60,8
61,11
62,13
63,4
64,2
65,1
66,7
67,3
68,11
69,14
70,1
71,3
72,3
73,8
74,1
75,6
76,13
77,6
78,1
79,6
80,13
81,2
82,7
83,7
84,4
85,5
86,6
87,8
88,11
89,7
90,5
91,4
92,6
93,7
94,11
95,13
96,8
97,6
98,6
99,4
100,5
101,7
102,7
103,2
104,9
105,5
106,7
107,7
108,6
109,13
110,8
111,9
112,13
113,5
114,3
115,13
116,7
117,13
118,15
119,4
120,11
121,5
122,5
123,6
124,7
125,15
126,7
127,1
128,5
129,15
130,5
131,11
132,3
133,4
134,9
135,3
136,13
137,6
138,3
139,4
140,7
141,5
142,5
143,2
144,4
145,3
146,3
147,8
148,5
149,6
150,2
151,5
152,8
153,4
154,5
155,1
156,4
157,14
158,3
159,11
160,15
161,2
162,8
163,13
164,6
165,5
166,12
167,3
168,1
169,1
170,13
171,8
172,2
173,15
174,6
175,13
176,2
177,8
178,10
179,11
180,2
181,7
182,5
183,5
184,4
185,5
186,3
187,3
188,13
189,6
190,8
191,10
192,3
193,4
194,4
195,2
196,3
197,7
198,14
199,6
200,4
201,2
202,5
203,2
204,7
205,3
206,14
207,5
208,11
209,4
210,7
211,5
212,9
213,13
214,3
215,9
216,7
217,5
218,15
219,5
220,7
221,11
222,4
223,5
224,6
225,2
226,5
227,6
228,5
229,11
230,4
231,5
232,7
233,5
234,7
235,6
236,10
237,8
238,5
239,5
240,12
241,11
242,1
243,5
244,5
245,4
246,9
247,1
248,2
249,4
250,8
251,2
252,1
253,4
254,13
255,8
256,15
257,6
258,2
259,1
260,8
261,3
262,3
263,10
264,3
265,2
266,2
267,11
268,2
269,3
270,2
271,7
272,2
273,7
274,4
275,3
276,2
277,7
278,13
279,4
280,12
281,2
282,12
283,4
284,1
285,1
286,2
287,6
288,13
289,1
290,4
291,8
292,11
293,1
294,12
295,1
296,7
297,4
298,15
299,7
300,3
301,2
302,14
303,9
304,2
305,4
306,8
307,4
308,2
309,10
310,4
311,6
312,4
313,3
314,6
315,5
316,5
317,11
318,4
319,11
320,9
321,6
322,7
323,3
324,8
325,4
326,11
327,5
328,11
329,9
330,6
331,12
332,9
333,4
334,3
335,13
336,2
337,13
338,2
339,6
340,7
341,4
342,5
343,15
344,12
345,11
346,9
347,8
348,8
349,9
350,11
351,10
352,1
353,6
354,7
355,1
356,4
357,4
358,7
359,3
360,14
361,6
362,13
363,2
364,1
365,4
366,2
367,7
368,2
369,14
370,5
371,5
372,8
373,8
374,7
375,14
376,3
377,7
378,15
379,7
380,6
381,1
382,5
383,13
384,5
385,8
386,8
387,4
388,2
389,9
390,9
391,5
392,4
393,10
394,11
395,4
396,14
397,2
398,5
399,1
400,3
401,15
402,1
403,13
404,6
405,6
406,6
407,2
408,15
409,11
410,8
411,12
412,7
413,15
414,4
415,4
416,7
417,11
418,5
419,13
420,13
421,7
422,6
423,9
424,8
425,4
426,1
427,11
428,6
429,6
430,2
431,2
432,5
433,1
434,2
435,10
436,9
437,2
438,6
439,14
440,13
441,3
442,2
443,1
444,4
445,10
446,6
447,8
448,5
449,9
450,5
451,7
452,7
453,4
454,13
455,4
456,8
457,5
458,8
459,5
460,2
461,6
462,2
463,6
464,6
465,5
466,2
467,1
468,3
469,5
470,1
471,5
472,12
473,9
474,3
475,12
476,4
477,7
478,5
479,7
480,2
481,10
482,4
483,14
484,11
485,2
486,13
487,13
488,8
489,14
490,13
491,2
492,5
493,13
494,5
495,5
496,5
497,9
498,12
499,6
500,5
501,7
502,7
503,11
504,15
505,14
506,5
507,1
508,4
509,6
510,2
511,8
512,1
513,5
514,8
515,4
516,13
517,3
518,5
519,1
520,1
521,6
522,5
523,11
524,9
525,11
526,7
527,1
528,11
529,12
530,4
531,9
532,15
533,5
534,2
535,4
536,6
537,4
538,5
539,10
540,15
541,6
542,5
543,5
544,9
545,4
546,6
547,13
548,2
549,2
550,5
551,3
552,13
553,1
554,15
555,5
556,4
557,10
558,5
559,11
560,5
561,11
562,7
563,10
564,2
565,5
566,6
567,4
568,15
569,4
570,6
571,9
572,7
573,5
574,6
575,15
576,4
577,7
578,7
579,8
580,1
581,6
582,5
583,8
584,7
585,4
586,6
587,4
588,1
589,6
590,10
591,6
592,2
593,13
594,13
595,8
596,1
597,5
598,11
599,1
600,7
601,13
602,4
603,13
604,14
605,15
606,9
607,4
608,2
609,2
610,3
611,2
612,4
613,3
614,6
615,1
616,5
617,8
618,7
619,9
620,13
621,6
622,1
623,2
624,3
625,2
626,1
627,6
628,6
629,13
630,4
631,5
632,15
633,6
634,8
635,5
636,12
637,2
638,5
639,7
640,4
641,7
642,3
643,7
644,2
645,1
646,13
647,5
648,13
649,1
650,13
651,8
652,2
653,14
654,8
655,2
656,13
657,2
658,5
659,3
660,4
661,5
662,4
663,9
664,11
665,4
666,13
667,5
668,4
669,4
670,4
671,7
672,11
673,3
674,4
675,1
676,6
677,1
678,1
679,6
680,6
681,2
682,15
683,1
684,9
685,12
686,14
687,2
688,3
689,2
690,1
691,13
692,4
693,2
694,3
695,7
696,14
697,3
698,6
699,9
700,5
701,9
702,4
703,12
704,3
705,14
706,3
707,9
708,2
709,4
710,8
711,11
712,4
713,8
714,4
715,8
716,6
717,11
718,1
719,4
720,5
721,15
722,7
723,11
724,9
725,7
726,7
727,4
728,5
729,4
730,2
731,5
732,3
733,9
734,8
735,3
736,11
737,11
738,11
739,8
740,14
741,11
742,5
743,6
744,9
745,4
746,4
747,15
748,13
749,5
750,13
751,13
752,5
753,3
754,13
755,4
756,4
757,1
758,11
759,13
760,5
761,14
762,4
763,5
764,1
765,5
766,9
767,14
768,7
769,13
770,4
771,3
772,3
773,2
774,4
775,1
776,1
777,11
778,7
779,14
780,4
781,1
782,4
783,9
784,2
785,5
786,10
787,7
788,2
789,14
790,8
791,7
792,5
793,9
794,11
795,11
796,14
797,6
798,15
799,6
800,14
801,1
802,7
803,1
804,2
805,3
806,7
807,8
808,7
809,13
810,10
811,1
812,1
813,3
814,14
815,5
816,2
817,6
818,11
819,5
820,9
821,13
822,6
823,4
824,6
825,13
826,5
827,10
828,4
829,5
830,9
831,5
832,10
833,9
834,15
835,6
836,3
837,1
838,4
839,3
840,11
841,3
842,5
843,3
844,3
845,4
846,7
847,4
848,5
849,3
850,5
851,4
852,1
853,1
854,1
855,13
856,9
857,11
858,3
859,9
860,7
861,3
862,1
863,5
864,3
865,8
866,8
867,7
868,7
869,13
870,10
871,10
872,4
873,3
874,10
875,6
876,13
877,13
878,5
879,2
880,2
881,5
882,14
883,6
884,3
885,9
886,4
887,8
888,5
889,1
890,1
891,3
892,5
893,7
894,3
895,3
896,5
897,1
898,5
899,8
900,5
901,13
902,7
903,4
904,6
905,4
906,5
907,4
908,1
909,7
910,11
911,8
912,13
913,2
914,5
915,5
916,2
917,2
918,7
919,15
920,3
921,1
922,13
923,5
924,5
925,5
926,15
927,4
928,15
929,3
930,12
931,3
932,1
933,4
934,4
935,11
936,9
937,4
938,11
939,2
940,2
941,5
942,5
943,3
944,13
945,11
946,10
947,5
948,11
949,7
950,4
951,11
952,4
953,4
954,15
955,2
956,2
957,9
958,13
959,4
960,2
961,11
962,1
963,2
964,5
965,13
966,8
967,7
968,4
969,1
970,7
971,11
972,1
973,4
974,10
975,2
976,11
977,14
978,5
979,6
980,11
981,1
982,5
983,7
984,3
985,9
986,5
987,5
988,4
989,5
990,5
991,14
992,11
993,7
994,4
995,2
996,15
997,6
998,3
999,8
1000,6
1001,4
1002,13
1003,8
1004,6
1005,4
1006,11
1007,2
1008,8
1009,6
1010,2
1011,5
1012,7
1013,2
1014,3
1015,15
1016,10
1017,5
1018,2
1019,7
1020,4
1021,7
1022,5
1023,6
1024,8
1025,6
1026,2
1027,8
1028,11
1029,1
1030,6
1031,3
1032,13
1033,4
1034,8
1035,7
1036,4
1037,1
1038,1
1039,7
1040,7
1041,13
1042,9
1043,5
1044,3
1045,2
1046,4
1047,5
1048,5
1049,10
1050,13
1051,7
1052,11
1053,5
1054,15
1055,5
1056,6
1057,3
1058,5
1059,7
1060,1
1061,3
1062,13
1063,6
1064,5
1065,9
1066,8
1067,11
1068,3
1069,3
1070,13
1071,2
1072,1
1073,2
1074,4
1075,1
1076,6
1077,1
1078,8
1079,8
1080,5
1081,7
1082,3
1083,14
1084,12
1085,10
1086,7
1087,4
1088,5
1089,15
1090,5
1091,13
1092,7
1093,1
1094,3
1095,6
1096,8
1097,5
1098,7
1099,2
1100,9
1101,12
1102,3
1103,4
1104,5
1105,4
1106,5
1107,2
1108,10
1109,9
1110,1
1111,1
1112,10
1113,4
1114,5
1115,10
1116,8
1117,3
1118,8
1119,2
1120,1
1121,10
1122,7
1123,7
1124,5
1125,5
1126,4
1127,12
1128,11
1129,3
1130,10
1131,5
1132,12
1133,7
1134,5
1135,11
1136,11
1137,2
1138,3
1139,12
1140,11
1141,7
1142,3
1143,3
1144,1
1145,14
1146,13
1147,5
1148,7
1149,7
1150,10
1151,7
1152,3
1153,2
1154,9
1155,11
1156,3
1157,3
1158,13
1159,1
1160,1
1161,9
1162,4
1163,6
1164,11
1165,2
1166,7
1167,11
1168,2
1169,13
1170,7
1171,5
1172,11
1173,11
1174,11
1175,8
1176,6
1177,9
1178,5
1179,1
1180,3
1181,6
1182,9
1183,11
1184,11
1185,8
1186,7
1187,9
1188,7
1189,4
1190,5
1191,6
1192,1
1193,14
1194,5
1195,11
1196,10
1197,14
1198,3
1199,15
1200,3
1201,7
1202,5
1203,5
1204,7
1205,5
1206,2
1207,15
1208,4
1209,1
1210,5
1211,5
1212,2
1213,15
1214,1
1215,1
1216,4
1217,1
1218,2
1219,11
1220,4
1221,7
1222,1
1223,14
1224,6
1225,13
1226,7
1227,1
1228,9
1229,8
1230,7
1231,3
1232,3
1233,1
1234,5
1235,6
1236,13
1237,1
1238,13
1239,7
1240,2
1241,13
1242,5
1243,7
1244,4
1245,7
1246,1
1247,9
1248,6
1249,11
1250,6
1251,4
1252,5
1253,10
1254,2
1255,2
1256,5
1257,6
1258,13
1259,5
1260,2
1261,2
1262,5
1263,3
1264,9
1265,1
1266,13
1267,7
1268,10
1269,2
1270,1
1271,2
1272,7
1273,4
1274,2
1275,6
1276,8
1277,1
1278,1
1279,3
1280,10
1281,5
1282,7
1283,1
1284,5
1285,3
1286,1
1287,11
1288,5
1289,3
1290,7
1291,3
1292,11
1293,4
1294,5
1295,11
1296,5
1297,4
1298,13
1299,3
1300,5
1301,7
1302,8
1303,5
1304,3
1305,4
1306,13
1307,8
1308,1
1309,3
1310,9
1311,4
1312,6
1313,3
1314,8
1315,3
1316,8
1317,4
1318,2
1319,13
1320,7
1321,11
1322,2
1323,9
1324,9
1325,10
1326,13
1327,11
1328,5
1329,13
1330,4
1331,7
1332,8
1333,9
1334,7
1335,5
1336,5
1337,10
1338,13
1339,1
1340,15
1341,14
1342,6
1343,1
1344,14
1345,5
1346,15
1347,15
1348,13
1349,6
1350,7
1351,3
1352,6
1353,13
1354,12
1355,5
1356,8
1357,15
1358,8
1359,6
1360,1
1361,5
1362,10
1363,1
1364,3
1365,1
1366,4
1367,1
1368,13
1369,7
1370,5
1371,15
1372,10
1373,6
1374,4
1375,3
1376,6
1377,5
1378,6
1379,7
1380,13
1381,2
1382,5
1383,5
1384,5
1385,7
1386,5
1387,4
1388,10
1389,4
1390,4
1391,6
1392,7
1393,4
1394,13
1395,3
1396,8
1397,1
1398,11
1399,13
1400,7
1401,4
1402,3
1403,15
1404,3
1405,11
1406,9
1407,2
1408,13
1409,8
1410,13
1411,7
1412,2
1413,5
1414,2
1415,5
1416,5
1417,4
1418,2
1419,12
1420,6
1421,5
1422,3
1423,8
1424,4
1425,13
1426,1
1427,11
1428,5
1429,13
1430,5
1431,5
1432,2
1433,1
1434,11
1435,7
1436,5
1437,7
1438,5
1439,11
1440,8
1441,11
1442,5
1443,7
1444,1
1445,7
1446,1
1447,5
1448,7
1449,11
1450,15
1451,5
1452,11
1453,14
1454,4
1455,3
1456,15
1457,7
1458,3
1459,8
1460,2
1461,5
1462,7
1463,6
1464,1
1465,14
1466,4
1467,3
1468,4
1469,11
1470,3
1471,7
1472,5
1473,11
1474,5
1475,4
1476,3
1477,1
1478,4
1479,7
1480,6
1481,11
1482,4
1483,5
1484,3
1485,3
1486,7
1487,3
1488,6
1489,7
1490,9
1491,14
1492,6
1493,2
1494,8
1495,7
1496,10
1497,5
1498,14
1499,4
1500,1
1501,5
1502,4
1503,6
1504,8
1505,1
1506,3
1507,8
1508,9
1509,9
1510,7
1511,3
1512,5
1513,7
1514,5
1515,10
1516,11
1517,4
1518,3
1519,11
1520,15
1521,1
1522,1
1523,7
1524,4
1525,11
1526,13
1527,3
1528,5
1529,2
1530,1
1531,15
1532,5
1533,13
1534,5
1535,1
1536,4
1537,2
1538,10
1539,12
1540,7
1541,15
1542,8
1543,1
1544,1
1545,11
1546,6
1547,15
1548,12
1549,14
1550,14
1551,13
1552,13
1553,5
1554,5
1555,5
1556,3
1557,11
1558,4
1559,2
1560,5
1561,5
1562,14
1563,5
1564,10
1565,8
1566,3
1567,9
1568,7
1569,6
1570,4
1571,1
1572,2
1573,4
1574,2
1575,7
1576,9
1577,15
1578,2
1579,7
1580,6
1581,12
1582,5
1583,7
1584,7
1585,6
1586,9
1587,4
1588,5
1589,5
1590,2
1591,13
1592,6
1593,5
1594,5
1595,10
1596,13
1597,9
1598,15
1599,11
1600,7
1601,11
1602,13
1603,7
1604,1
1605,3
1606,13
1607,2
1608,15
1609,6
1610,10
1611,1
1612,12
1613,7
1614,15
1615,15
1616,2
1617,5
1618,13
1619,2
1620,10
1621,5
1622,2
1623,7
1624,14
1625,1
1626,4
1627,1
1628,5
1629,3
1630,1
1631,3
1632,2
1633,5
1634,11
1635,4
1636,3
1637,5
1638,13
1639,1
1640,4
1641,5
1642,4
1643,6
1644,13
1645,13
1646,5
1647,5
1648,4
1649,8
1650,5
1651,3
1652,8
1653,8
1654,5
1655,11
1656,11
1657,9
1658,2
1659,13
1660,4
1661,10
1662,5
1663,15
1664,8
1665,12
1666,4
1667,11
1668,4
1669,13
1670,3
1671,5
1672,6
1673,15
1674,6
1675,4
1676,4
1677,5
1678,13
1679,4
1680,11
1681,2
1682,7
1683,1
1684,4
1685,14
1686,11
1687,9
1688,15
1689,8
1690,13
1691,2
1692,2
1693,7
1694,1
1695,7
1696,4
1697,2
1698,4
1699,4
1700,4
1701,4
1702,15
1703,6
1704,6
1705,13
1706,5
1707,4
1708,5
1709,6
1710,1
1711,7
1712,4
1713,13
1714,14
1715,7
1716,1
1717,4
1718,12
1719,5
1720,9
1721,3
1722,8
1723,5
1724,6
1725,8
1726,15
1727,8
1728,5
1729,9
1730,8
1731,11
1732,8
1733,4
1734,3
1735,9
1736,1
1737,3
1738,10
1739,3
1740,6
1741,5
1742,5
1743,3
1744,3
1745,13
1746,1
1747,8
1748,2
1749,2
1750,6
1751,11
1752,13
1753,10
1754,6
1755,11
1756,4
1757,1
1758,11
1759,1
1760,12
1761,3
1762,3
1763,9
1764,13
1765,7
1766,8
1767,4
1768,14
1769,15
1770,11
1771,10
1772,9
1773,8
1774,11
1775,11
1776,4
1777,1
1778,11
1779,7
1780,2
1781,9
1782,5
1783,10
1784,8
1785,9
1786,5
1787,3
1788,5
1789,5
1790,9
1791,10
1792,8
1793,5
1794,2
1795,3
1796,7
1797,1
1798,1
1799,7
1800,2
1801,1
1802,6
1803,1
1804,13
1805,13
1806,1
1807,6
1808,5
1809,9
1810,12
1811,4
1812,7
1813,9
1814,5
1815,2
1816,7
1817,13
1818,4
1819,13
1820,13
1821,12
1822,2
1823,11
1824,13
1825,13
1826,6
1827,9
1828,13
1829,5
1830,10
1831,7
1832,4
1833,2
1834,3
1835,5
1836,11
1837,5
1838,14
1839,3
1840,4
1841,11
1842,2
1843,1
1844,5
1845,8
1846,4
1847,5
1848,1
1849,4
1850,5
1851,5
1852,2
1853,7
1854,3
1855,7
1856,6
1857,11
1858,7
1859,4
1860,1
1861,7
1862,2
1863,13
1864,3
1865,12
1866,5
1867,14
1868,5
1869,13
1870,6
1871,8
1872,5
1873,9
1874,1
1875,14
1876,3
1877,4
1878,5
1879,2
1880,3
1881,6
1882,2
1883,9
1884,1
1885,11
1886,4
1887,4
1888,8
1889,1
1890,3
1891,6
1892,13
1893,6
1894,14
1895,13
1896,6
1897,1
1898,6
1899,11
1900,8
1901,1
1902,3
1903,2
1904,11
1905,5
1906,5
1907,7
1908,6
1909,5
1910,7
1911,1
1912,4
1913,5
1914,3
1915,5
1916,3
1917,13
1918,7
1919,8
1920,1
1921,6
1922,8
1923,6
1924,7
1925,5
1926,10
1927,5
1928,6
1929,4
1930,1
1931,2
1932,6
1933,7
1934,14
1935,13
1936,1
1937,5
1938,5
1939,7
1940,6
1941,2
1942,10
1943,8
1944,7
1945,7
1946,11
1947,6
1948,14
1949,4
1950,5
1951,11
1952,15
1953,1
1954,2
1955,3
1956,9
1957,6
1958,13
1959,3
1960,1
1961,6
1962,2
1963,10
1964,9
1965,6
1966,11
1967,14
1968,13
1969,4
1970,14
1971,15
1972,7
1973,7
1974,3
1975,11
1976,3
1977,3
1978,4
1979,3
1980,4
1981,5
1982,1
1983,12
1984,6
1985,10
1986,14
1987,7
1988,6
1989,3
1990,5
1991,14
1992,2
1993,2
1994,9
1995,3
1996,4
1997,7
1998,12
1999,2
2000,1
2001,2
2002,10
2003,10
2004,8
2005,1
2006,1
2007,7
2008,2
2009,1
2010,8
2011,10
2012,14
2013,14
2014,4
2015,12
2016,11
2017,13
2018,7
2019,15
2020,5
2021,6
2022,6
2023,5
2024,11
2025,7
2026,6
2027,6
2028,13
2029,1
2030,5
2031,5
2032,6
2033,7
2034,4
2035,1
2036,6
2037,6
2038,12
2039,13
2040,7
2041,13
2042,3
2043,13
2044,3
2045,5
2046,11
2047,2
2048,3
2049,13
2050,10
2051,3
2052,13
2053,13
2054,1
2055,10
2056,4
2057,13
2058,7
2059,14
2060,5
2061,1
2062,11
2063,1
2064,9
2065,5
2066,3
2067,4
2068,2
2069,6
2070,4
2071,11
2072,9
2073,4
2074,2
2075,1
2076,5
2077,5
2078,4
2079,13
2080,5
2081,4
2082,1
2083,10
2084,2
2085,4
2086,4
2087,5
2088,14
2089,6
2090,5
2091,9
2092,3
2093,1
2094,6
2095,15
2096,1
2097,7
2098,11
2099,11
2100,11
2101,5
2102,3
2103,3
2104,10
2105,15
2106,6
2107,3
2108,4
2109,10
2110,11
2111,10
2112,5
2113,14
2114,3
2115,6
2116,14
2117,7
2118,9
2119,6
2120,5
2121,6
2122,5
2123,10
2124,6
2125,4
2126,15
2127,1
2128,4
2129,5
2130,14
2131,4
2132,13
2133,6
2134,13
2135,3
2136,1
2137,5
2138,13
2139,3
2140,3
2141,8
2142,8
2143,6
2144,8
2145,11
2146,6
2147,10
2148,6
2149,2
2150,4
2151,4
2152,6
2153,2
2154,13
2155,3
2156,3
2157,13
2158,3
2159,2
2160,5
2161,13
2162,5
2163,1
2164,4
2165,2
2166,6
2167,5
2168,5
2169,3
2170,7
2171,11
2172,3
2173,8
2174,10
2175,6
2176,11
2177,8
2178,3
2179,11
2180,5
2181,7
2182,5
2183,5
2184,9
2185,8
2186,10
2187,6
2188,14
2189,2
2190,5
2191,10
2192,9
2193,3
2194,11
2195,6
2196,5
2197,4
2198,4
2199,13
2200,14
2201,11
2202,1
2203,8
2204,1
2205,2
2206,15
2207,6
2208,5
2209,9
2210,3
2211,15
2212,2
2213,13
2214,10
2215,4
2216,7
2217,7
2218,2
2219,9
2220,2
2221,10
2222,3
2223,7
2224,1
2225,4
2226,11
2227,15
2228,4
2229,1
2230,11
2231,4
2232,6
2233,3
2234,2
2235,5
2236,5
2237,13
2238,4
2239,1
2240,9
2241,1
2242,13
2243,13
2244,14
2245,2
2246,8
2247,5
2248,7
2249,13
2250,5
2251,5
2252,13
2253,8
2254,5
2255,8
2256,1
2257,4
2258,2
2259,8
2260,4
2261,3
2262,10
2263,4
2264,6
2265,8
2266,8
2267,3
2268,4
2269,11
2270,5
2271,15
2272,12
2273,4
2274,5
2275,6
2276,9
2277,4
2278,2
2279,5
2280,5
2281,8
2282,5
2283,3
2284,11
2285,1
2286,3
2287,12
2288,5
2289,5
2290,7
2291,4
2292,2
2293,11
2294,3
2295,2
2296,3
2297,4
2298,8
2299,7
2300,8
2301,4
2302,5
2303,10
2304,6
2305,6
2306,8
2307,2
2308,5
2309,6
2310,9
2311,7
2312,6
2313,10
2314,1
2315,2
2316,1
2317,1
2318,4
2319,13
2320,1
2321,4
2322,3
2323,6
2324,7
2325,2
2326,7
2327,6
2328,8
2329,14
2330,5
2331,6
2332,13
2333,10
2334,8
2335,8
2336,1
2337,2
2338,8
2339,3
2340,12
2341,8
2342,1
2343,5
2344,9
2345,6
2346,3
2347,1
2348,3
2349,3
2350,1
2351,4
2352,6
2353,5
2354,11
2355,7
2356,3
2357,6
2358,7
2359,11
2360,13
2361,5
2362,5
2363,7
2364,6
2365,1
2366,3
2367,3
2368,2
2369,8
2370,2
2371,1
2372,4
2373,8
2374,3
2375,14
2376,5
2377,10
2378,5
2379,4
2380,5
2381,11
2382,9
2383,5
2384,4
2385,4
2386,7
2387,5
2388,9
2389,4
2390,2
2391,13
2392,4
2393,1
2394,4
2395,7
2396,5
2397,3
2398,7
2399,9
2400,7
2401,13
2402,6
2403,11
2404,12
2405,1
2406,10
2407,1
2408,8
2409,5
2410,13
2411,1
2412,13
2413,6
2414,2
2415,10
2416,4
2417,8
2418,3
2419,5
2420,5
2421,9
2422,6
2423,3
2424,4
2425,9
2426,4
2427,4
2428,10
2429,6
2430,6
2431,5
2432,14
2433,1
2434,1
2435,1
2436,5
2437,5
2438,6
2439,5
2440,7
2441,11
2442,11
2443,7
2444,4
2445,11
2446,11
2447,10
2448,8
2449,13
2450,2
2451,8
2452,9
2453,1
2454,1
2455,13
2456,7
2457,8
2458,13
2459,9
2460,10
2461,15
2462,5
2463,1
2464,5
2465,7
2466,6
2467,1
2468,1
2469,2
2470,5
2471,11
2472,5
2473,5
2474,2
2475,11
2476,5
2477,2
2478,1
2479,10
2480,7
2481,9
2482,1
2483,5
2484,9
2485,10
2486,1
2487,5
2488,13
2489,11
2490,2
2491,2
2492,7
2493,9
2494,11
2495,3
2496,13
2497,2
2498,10
2499,1
2500,2
2501,4
2502,4
2503,1
2504,11
2505,6
2506,14
2507,3
2508,4
2509,8
2510,4
2511,11
2512,4
2513,9
2514,5
2515,1
2516,9
2517,7
2518,13
2519,6
2520,9
2521,5
2522,10
2523,3
2524,5
2525,3
2526,1
2527,2
2528,15
2529,14
2530,11
2531,7
2532,6
2533,13
2534,5
2535,7
2536,3
2537,9
2538,8
2539,7
2540,12
2541,2
2542,6
2543,2
2544,5
2545,5
2546,1
2547,1
2548,4
2549,6
2550,2
2551,6
2552,15
2553,13
2554,1
2555,11
2556,7
2557,6
2558,2
2559,2
2560,12
2561,1
2562,2
2563,2
2564,9
2565,9
2566,2
2567,2
2568,13
2569,7
2570,4
2571,5
2572,13
2573,7
2574,12
2575,6
2576,6
2577,3
2578,5
2579,10
2580,12
2581,2
2582,6
2583,7
2584,6
2585,14
2586,2
2587,5
2588,11
2589,5
2590,7
2591,13
2592,12
2593,7
2594,11
2595,3
2596,13
2597,6
2598,2
2599,15
2600,11
2601,1
2602,1
2603,4
2604,7
2605,2
2606,7
2607,11
2608,8
2609,4
2610,14
2611,4
2612,5
2613,4
2614,5
2615,1
2616,3
2617,4
2618,4
2619,3
2620,1
2621,2
2622,8
2623,6
2624,3
2625,11
2626,9
2627,10
2628,3
2629,7
2630,7
2631,6
2632,5
2633,5
2634,11
2635,4
2636,15
2637,4
2638,2
2639,7
2640,6
2641,4
2642,10
2643,5
2644,6
2645,15
2646,7
2647,1
2648,5
2649,4
2650,2
2651,7
2652,8
2653,11
2654,6
2655,8
2656,7
2657,11
2658,5
2659,7
2660,5
2661,4
2662,1
2663,6
2664,5
2665,1
2666,1
2667,5
2668,1
2669,6
2670,11
2671,5
2672,14
2673,1
2674,7
2675,12
2676,5
2677,7
2678,11
2679,3
2680,13
2681,4
2682,8
2683,11
2684,7
2685,11
2686,3
2687,1
2688,3
2689,12
2690,7
2691,2
2692,11
2693,4
2694,9
2695,2
2696,13
2697,5
2698,2
2699,7
2700,13
2701,3
2702,9
2703,11
2704,5
2705,4
2706,7
2707,10
2708,14
2709,5
2710,4
2711,14
2712,4
2713,5
2714,4
2715,8
2716,11
2717,7
2718,6
2719,7
2720,2
2721,6
2722,4
2723,4
2724,5
2725,1
2726,7
2727,5
2728,7
2729,8
2730,10
2731,3
2732,6
2733,1
2734,5
2735,5
2736,4
2737,1
2738,10
2739,5
2740,9
2741,7
2742,6
2743,6
2744,11
2745,7
2746,4
2747,13
2748,5
2749,6
2750,1
2751,2
2752,11
2753,4
2754,6
2755,7
2756,5
2757,1
2758,5
2759,1
2760,9
2761,11
2762,13
2763,6
2764,3
2765,9
2766,5
2767,2
2768,12
2769,1
2770,6
2771,11
2772,5
2773,4
2774,6
2775,3
2776,9
2777,15
2778,10
2779,15
2780,9
2781,4
2782,9
2783,1
2784,3
2785,4
2786,4
2787,6
2788,10
2789,4
2790,6
2791,4
2792,7
2793,3
2794,3
2795,14
2796,3
2797,5
2798,7
2799,2
2800,5
2801,13
2802,4
2803,5
2804,5
2805,8
2806,4
2807,3
2808,3
2809,8
2810,15
2811,9
2812,2
2813,1
2814,3
2815,11
2816,3
2817,15
2818,11
2819,1
2820,6
2821,13
2822,4
2823,9
2824,3
2825,11
2826,5
2827,6
2828,8
2829,5
2830,13
2831,12
2832,5
2833,4
2834,14
2835,5
2836,8
2837,4
2838,2
2839,15
2840,6
2841,3
2842,11
2843,4
2844,9
2845,5
2846,5
2847,5
2848,7
2849,12
2850,5
2851,13
2852,5
2853,1
2854,3
2855,6
2856,10
2857,15
2858,8
2859,9
2860,7
2861,5
2862,6
2863,13
2864,7
2865,5
2866,14
2867,11
2868,10
2869,1
2870,7
2871,4
2872,8
2873,5
2874,2
2875,4
2876,4
2877,5
2878,2
2879,4
2880,11
2881,6
2882,7
2883,5
2884,13
2885,1
2886,1
2887,5
2888,2
2889,1
2890,7
2891,9
2892,8
2893,2
2894,3
2895,7
2896,1
2897,13
2898,4
2899,8
2900,3
2901,6
2902,6
2903,4
2904,7
2905,7
2906,10
2907,2
2908,1
2909,1
2910,8
2911,2
2912,6
2913,15
2914,13
2915,11
2916,8
2917,15
2918,11
2919,8
2920,4
2921,11
2922,7
2923,4
2924,10
2925,6
2926,15
2927,4
2928,2
2929,14
2930,3
2931,11
2932,4
2933,7
2934,1
2935,4
2936,9
2937,5
2938,5
2939,15
2940,5
2941,1
2942,11
2943,10
2944,13
2945,15
2946,4
2947,6
2948,4
2949,12
2950,3
2951,15
2952,6
2953,8
2954,7
2955,4
2956,1
2957,8
2958,3
2959,4
2960,11
2961,6
2962,10
2963,4
2964,1
2965,6
2966,14
2967,5
2968,6
2969,14
2970,5
2971,5
2972,3
2973,14
2974,5
2975,10
2976,6
2977,4
2978,2
2979,13
2980,3
2981,13
2982,4
2983,8
2984,5
2985,8
2986,4
2987,7
2988,6
2989,3
2990,1
2991,1
2992,10
2993,5
2994,1
2995,12
2996,5
2997,5
2998,5
2999,7
3000,10
3001,10
3002,11
3003,11
3004,13
3005,4
3006,3
3007,11
3008,5
3009,3
3010,1
3011,3
3012,5
3013,1
3014,11
3015,5
3016,8
3017,7
3018,10
3019,4
3020,11
3021,4
3022,5
3023,9
3024,1
3025,7
3026,8
3027,8
3028,9
3029,5
3030,13
3031,6
3032,13
3033,9
3034,5
3035,5
3036,9
3037,4
3038,15
3039,4
3040,10
3041,2
3042,11
3043,13
3044,4
3045,7
3046,8
3047,3
3048,1
3049,6
3050,13
3051,10
3052,11
3053,7
3054,4
3055,4
3056,6
3057,9
3058,11
3059,3
3060,7
3061,4
3062,5
3063,3
3064,6
3065,9
3066,5
3067,11
3068,2
3069,2
3070,11
3071,6
3072,5
3073,2
3074,7
3075,5
3076,5
3077,4
3078,9
3079,5
3080,7
3081,4
3082,1
3083,8
3084,14
3085,3
3086,13
3087,5
3088,5
3089,9
3090,5
3091,1
3092,5
3093,4
3094,5
3095,1
3096,14
3097,6
3098,15
3099,4
3100,5
3101,13
3102,15
3103,9
3104,5
3105,7
3106,6
3107,7
3108,8
3109,13
3110,9
3111,13
3112,6
3113,4
3114,1
3115,13
3116,2
3117,8
3118,15
3119,2
3120,7
3121,3
3122,7
3123,11
3124,1
3125,15
3126,4
3127,5
3128,7
3129,14
3130,2
3131,13
3132,4
3133,14
3134,3
3135,2
3136,6
3137,15
3138,14
3139,12
3140,13
3141,4
3142,10
3143,8
3144,14
3145,13
3146,4
3147,1
3148,9
3149,2
3150,13
3151,7
3152,15
3153,4
3154,6
3155,11
3156,5
3157,8
3158,13
3159,15
3160,8
3161,7
3162,12
3163,3
3164,7
3165,10
3166,8
3167,11
3168,1
3169,7
3170,5
3171,8
3172,7
3173,3
3174,5
3175,7
3176,2
3177,10
3178,1
3179,6
3180,1
3181,10
3182,15
3183,6
3184,7
3185,4
3186,5
3187,10
3188,8
3189,8
3190,9
3191,11
3192,6
3193,5
3194,11
3195,11
3196,2
3197,5
3198,15
3199,3
3200,14
3201,6
3202,8
3203,8
3204,6
3205,6
3206,3
3207,3
3208,4
3209,5
3210,15
3211,11
3212,14
3213,7
3214,7
3215,7
3216,3
3217,7
3218,7
3219,5
3220,13
3221,9
3222,7
3223,15
3224,4
3225,8
3226,1
3227,5
3228,5
3229,14
3230,6
3231,4
3232,6
3233,11
3234,10
3235,14
3236,4
3237,6
3238,3
3239,5
3240,7
3241,8
3242,7
3243,4
3244,6
3245,7
3246,13
3247,13
3248,12
3249,10
3250,3
3251,5
3252,11
3253,8
3254,11
3255,11
3256,5
3257,5
3258,6
3259,4
3260,1
3261,5
3262,5
3263,13
3264,5
3265,2
3266,2
3267,5
3268,6
3269,13
3270,12
3271,6
3272,1
3273,2
3274,1
3275,7
3276,5
3277,1
3278,7
3279,5
3280,5
3281,14
3282,5
3283,4
3284,4
3285,1
3286,4
3287,11
3288,13
3289,5
3290,7
3291,3
3292,2
3293,5
3294,6
3295,8
3296,6
3297,13
3298,6
3299,11
3300,5
3301,13
3302,3
3303,4
3304,3
3305,11
3306,14
3307,1
3308,4
3309,3
3310,5
3311,2
3312,7
3313,8
3314,9
3315,13
3316,8
3317,3
3318,5
3319,5
3320,6
3321,1
3322,5
3323,9
3324,2
3325,8
3326,11
3327,3
3328,3
3329,14
3330,7
3331,3
3332,15
3333,6
3334,4
3335,9
3336,6
3337,8
3338,8
3339,8
3340,13
3341,11
3342,7
3343,15
3344,2
3345,7
3346,5
3347,2
3348,9
3349,7
3350,6
3351,6
3352,4
3353,1
3354,5
3355,4
3356,14
3357,11
3358,6
3359,6
3360,1
3361,4
3362,4
3363,11
3364,10
3365,5
3366,1
3367,9
3368,13
3369,5
3370,13
3371,8
3372,6
3373,4
3374,6
3375,10
3376,13
3377,12
3378,1
3379,9
3380,3
3381,2
3382,5
3383,11
3384,9
3385,8
3386,3
3387,7
3388,1
3389,8
3390,6
3391,7
3392,2
3393,4
3394,7
3395,15
3396,7
3397,2
3398,4
3399,4
3400,4
3401,7
3402,11
3403,5
3404,1
3405,15
3406,7
3407,11
3408,15
3409,5
3410,10
3411,3
3412,4
3413,14
3414,7
3415,5
3416,4
3417,7
3418,6
3419,7
3420,3
3421,8
3422,5
3423,3
3424,3
3425,2
3426,1
3427,1
3428,4
3429,8
3430,2
3431,4
3432,4
3433,4
3434,8
3435,5
3436,9
3437,11
3438,1
3439,4
3440,3
3441,3
3442,8
3443,4
3444,4
3445,3
3446,14
3447,5
3448,2
3449,13
3450,10
3451,13
3452,5
3453,8
3454,7
3455,5
3456,4
3457,9
3458,1
3459,15
3460,4
3461,7
3462,1
3463,7
3464,4
3465,11
3466,11
3467,6
3468,1
3469,8
3470,3
3471,6
3472,11
3473,11
3474,3
3475,1
3476,3
3477,4
3478,9
3479,5
3480,1
3481,5
3482,9
3483,5
3484,2
3485,6
3486,2
3487,2
3488,6
3489,4
3490,13
3491,3
3492,7
3493,11
3494,6
3495,5
3496,5
3497,2
3498,7
3499,4
3500,1
3501,15
3502,5
3503,7
3504,5
3505,8
3506,14
3507,8
3508,1
3509,10
3510,11
3511,1
3512,6
3513,13
3514,15
3515,5
3516,6
3517,8
3518,13
3519,10
3520,11
3521,4
3522,13
3523,15
3524,9
3525,14
3526,5
3527,10
3528,3
3529,4
3530,11
3531,7
3532,5
3533,15
3534,4
3535,11
3536,8
3537,13
3538,14
3539,1
3540,14
3541,15
3542,1
3543,3
3544,5
3545,7
3546,1
3547,4
3548,14
3549,8
3550,11
3551,5
3552,13
3553,9
3554,12
3555,1
3556,7
3557,9
3558,5
3559,10
3560,13
3561,3
3562,3
3563,6
3564,14
3565,5
3566,2
3567,4
3568,11
3569,5
3570,3
3571,9
3572,8
3573,3
3574,13
3575,5
3576,6
3577,10
3578,3
3579,6
3580,3
3581,1
3582,7
3583,5
3584,10
3585,12
3586,11
3587,15
3588,6
3589,14
3590,15
3591,11
3592,5
3593,3
3594,4
3595,13
3596,4
3597,1
3598,6
3599,7
3600,5
3601,1
3602,6
3603,8
3604,8
3605,2
3606,5
3607,5
3608,8
3609,15
3610,5
3611,3
3612,7
3613,5
3614,13
3615,5
3616,4
3617,4
3618,6
3619,3
3620,2
3621,2
3622,7
3623,5
3624,1
3625,13
3626,2
3627,1
3628,2
3629,10
3630,7
3631,1
3632,7
3633,2
3634,6
3635,15
3636,7
3637,4
3638,2
3639,5
3640,6
3641,5
3642,7
3643,1
3644,12
3645,10
3646,7
3647,2
3648,6
3649,5
3650,1
3651,9
3652,9
3653,5
3654,4
3655,5
3656,11
3657,6
3658,7
3659,6
3660,10
3661,14
3662,6
3663,4
3664,4
3665,9
3666,5
3667,14
3668,6
3669,6
3670,8
3671,11
3672,15
3673,14
3674,11
3675,6
3676,1
3677,10
3678,8
3679,6
3680,5
3681,3
3682,4
3683,7
3684,1
3685,8
3686,5
3687,7
3688,5
3689,10
3690,14
3691,1
3692,5
3693,2
3694,9
3695,13
3696,8
3697,6
3698,5
3699,1
3700,8
3701,5
3702,9
3703,1
3704,15
3705,1
3706,11
3707,7
3708,7
3709,1
3710,7
3711,2
3712,5
3713,5
3714,3
3715,5
3716,4
3717,5
3718,1
3719,4
3720,5
3721,14
3722,2
3723,3
3724,6
3725,15
3726,9
3727,6
3728,4
3729,13
3730,4
3731,4
3732,5
3733,2
3734,13
3735,4
3736,5
3737,1
3738,14
3739,13
3740,4
3741,1
3742,13
3743,4
3744,2
3745,5
3746,2
3747,4
3748,5
3749,3
3750,8
3751,7
3752,3
3753,10
3754,13
3755,8
3756,13
3757,7
3758,3
3759,3
3760,2
3761,7
3762,15
3763,2
3764,8
3765,4
3766,1
3767,14
3768,5
3769,6
3770,5
3771,3
3772,13
3773,8
3774,11
3775,9
3776,8
3777,11
3778,7
3779,2
3780,3
3781,7
3782,12
3783,1
3784,11
3785,13
3786,7
3787,6
3788,1
3789,6
3790,5
3791,5
3792,6
3793,7
3794,11
3795,8
3796,13
3797,13
3798,15
3799,11
3800,3
3801,4
3802,9
3803,5
3804,7
3805,11
3806,15
3807,10
3808,9
3809,5
3810,6
3811,5
3812,9
3813,10
3814,10
3815,3
3816,3
3817,14
3818,14
3819,6
3820,5
3821,2
3822,5
3823,3
3824,3
3825,5
3826,2
3827,10
3828,6
3829,3
3830,4
3831,13
3832,13
3833,15
3834,6
3835,3
3836,1
3837,11
3838,8
3839,11
3840,14
3841,4
3842,3
3843,6
3844,4
3845,7
3846,2
3847,8
3848,8
3849,5
3850,2
3851,1
3852,3
3853,8
3854,2
3855,13
3856,4
3857,13
3858,2
3859,2
3860,13
3861,3
3862,4
3863,5
3864,15
3865,10
3866,6
3867,6
3868,15
3869,10
3870,4
3871,13
3872,5
3873,4
3874,5
3875,1
3876,7
3877,13
3878,13
3879,5
3880,7
3881,5
3882,2
3883,14
3884,5
3885,2
3886,4
3887,5
3888,10
3889,6
3890,2
3891,4
3892,5
3893,5
3894,5
3895,5
3896,4
3897,13
3898,1
3899,5
3900,3
3901,5
3902,7
3903,12
3904,3
3905,11
3906,11
3907,7
3908,7
3909,13
3910,7
3911,9
3912,7
3913,7
3914,6
3915,12
3916,6
3917,1
3918,13
3919,9
3920,4
3921,8
3922,4
3923,5
3924,6
3925,5
3926,5
3927,13
3928,3
3929,5
3930,6
3931,6
3932,3
3933,11
3934,6
3935,15
3936,8
3937,11
3938,15
3939,15
3940,3
3941,4
3942,13
3943,4
3944,7
3945,7
3946,7
3947,2
3948,3
3949,9
3950,2
3951,4
3952,2
3953,11
3954,6
3955,5
3956,7
3957,10
3958,6
3959,4
3960,7
3961,9
3962,5
3963,14
3964,9
3965,4
3966,7
3967,11
3968,5
3969,5
3970,7
3971,11
3972,13
3973,8
3974,13
3975,1
3976,2
3977,7
3978,5
3979,11
3980,13
3981,3
3982,8
3983,11
3984,6
3985,4
3986,5
3987,8
3988,5
3989,13
3990,7
3991,2
3992,2
3993,2
3994,5
3995,13
3996,6
3997,3
3998,2
3999,3
4000,3
4001,15
4002,2
4003,5
4004,14
4005,13
4006,13
4007,2
4008,8
4009,6
4010,1
4011,7
4012,8
4013,15
4014,7
4015,6
4016,8
4017,8
4018,13
4019,6
4020,5
4021,7
4022,9
4023,10
4024,1
4025,9
4026,2
4027,11
4028,1
4029,11
4030,15
4031,1
4032,1
4033,2
4034,1
4035,9
4036,2
4037,7
4038,9
4039,6
4040,7
4041,2
4042,6
4043,3
4044,15
4045,7
4046,8
4047,6
4048,6
4049,2
4050,6
4051,7
4052,7
4053,4
4054,6
4055,5
4056,13
4057,1
4058,8
4059,4
4060,9
4061,4
4062,14
4063,13
4064,4
4065,3
4066,4
4067,4
4068,1
4069,7
4070,2
4071,8
4072,8
4073,11
4074,3
4075,4
4076,12
4077,7
4078,7
4079,4
4080,3
4081,11
4082,5
4083,10
4084,11
4085,2
4086,4
4087,12
4088,11
4089,7
4090,14
4091,15
4092,5
4093,10
4094,6
4095,2
4096,6
4097,3
4098,4
4099,4
4100,13
4101,11
4102,8
4103,3
4104,6
4105,11
4106,4
4107,12
4108,11
4109,5
4110,6
4111,4
4112,9
4113,1
4114,4
4115,2
4116,8
4117,1
4118,2
4119,7
4120,14
4121,4
4122,11
4123,4
4124,13
4125,5
4126,4
4127,13
4128,6
4129,9
4130,2
4131,2
4132,11
4133,6
4134,3
4135,10
4136,7
4137,11
4138,4
4139,5
4140,11
4141,4
4142,5
4143,3
4144,7
4145,1
4146,13
4147,5
4148,3
4149,3
4150,13
4151,13
4152,5
4153,1
4154,8
4155,11
4156,3
4157,1
4158,7
4159,6
4160,10
4161,14
4162,5
4163,3
4164,5
4165,5
4166,11
4167,5
4168,4
4169,5
4170,7
4171,8
4172,2
4173,9
4174,10
4175,15
4176,5
4177,7
4178,7
4179,9
4180,6
4181,5
4182,12
4183,11
4184,4
4185,5
4186,1
4187,5
4188,11
4189,5
4190,4
4191,1
4192,4
4193,3
4194,13
4195,7
4196,9
4197,5
4198,6
4199,6
4200,13
4201,1
4202,3
4203,5
4204,13
4205,4
4206,13
4207,14
4208,7
4209,9
4210,4
4211,4
4212,1
4213,6
4214,6
4215,5
4216,7
4217,6
4218,9
4219,9
4220,8
4221,11
4222,14
4223,4
4224,12
4225,15
4226,6
4227,3
4228,1
4229,1
4230,12
4231,6
4232,11
4233,9
4234,7
4235,5
4236,5
4237,7
4238,1
4239,5
4240,8
4241,5
4242,3
4243,7
4244,10
4245,8
4246,2
4247,2
4248,6
4249,5
4250,13
4251,5
4252,14
4253,7
4254,10
4255,5
4256,4
4257,13
4258,4
4259,13
4260,6
4261,5
4262,5
4263,15
4264,4
4265,5
4266,11
4267,8
4268,15
4269,2
4270,7
4271,5
4272,9
4273,8
4274,2
4275,6
4276,13
4277,14
4278,6
4279,13
4280,13
4281,5
4282,4
4283,10
4284,1
4285,11
4286,11
4287,1
4288,5
4289,4
4290,4
4291,1
4292,1
4293,8
4294,3
4295,2
4296,5
4297,3
4298,2
4299,3
4300,7
4301,15
4302,3
4303,6
4304,13
4305,13
4306,8
4307,12
4308,7
4309,5
4310,5
4311,5
4312,13
4313,4
4314,4
4315,6
4316,2
4317,5
4318,4
4319,15
4320,5
4321,4
4322,5
4323,7
4324,3
4325,7
4326,11
4327,2
4328,3
4329,5
4330,15
4331,11
4332,2
4333,13
4334,7
4335,13
4336,15
4337,7
4338,4
4339,1
4340,11
4341,7
4342,6
4343,11
4344,3
4345,8
4346,9
4347,2
4348,6
4349,5
4350,8
4351,4
4352,3
4353,9
4354,3
4355,5
4356,11
4357,4
4358,13
4359,3
4360,11
4361,13
4362,3
4363,14
4364,10
4365,2
4366,13
4367,3
4368,1
4369,5
4370,3
4371,6
4372,10
4373,10
4374,1
4375,5
4376,6
4377,1
4378,11
4379,2
4380,3
4381,2
4382,1
4383,1
4384,3
4385,9
4386,7
4387,3
4388,6
4389,14
4390,7
4391,11
4392,11
4393,11
4394,5
4395,5
4396,10
4397,4
4398,7
4399,5
4400,8
4401,7
4402,2
4403,7
4404,15
4405,7
4406,3
4407,10
4408,4
4409,3
4410,1
4411,7
4412,7
4413,4
4414,8
4415,13
4416,11
4417,4
4418,6
4419,3
4420,7
4421,11
4422,14
4423,3
4424,1
4425,14
4426,5
4427,4
4428,4
4429,7
4430,2
4431,2
4432,14
4433,5
4434,11
4435,4
4436,4
4437,5
4438,1
4439,1
4440,3
4441,11
4442,10
4443,8
4444,5
4445,4
4446,11
4447,10
4448,4
4449,2
4450,4
4451,14
4452,5
4453,4
4454,3
4455,9
4456,8
4457,5
4458,6
4459,2
4460,1
4461,5
4462,11
4463,9
4464,10
4465,11
4466,10
4467,4
4468,1
4469,6
4470,5
4471,1
4472,10
4473,6
4474,4
4475,9
4476,3
4477,1
4478,9
4479,5
4480,5
4481,5
4482,5
4483,6
4484,2
4485,5
4486,9
4487,5
4488,6
4489,3
4490,8
4491,4
4492,11
4493,6
4494,13
4495,9
4496,6
4497,6
4498,15
4499,1
4500,6
4501,1
4502,1
4503,1
4504,6
4505,13
4506,13
4507,11
4508,6
4509,2
4510,6
4511,2
4512,5
4513,4
4514,5
4515,11
4516,15
4517,15
4518,10
4519,4
4520,1
4521,3
4522,7
4523,4
4524,5
4525,3
4526,10
4527,11
4528,2
4529,6
4530,3
4531,12
4532,7
4533,7
4534,5
4535,2
4536,5
4537,1
4538,2
4539,5
4540,10
4541,11
4542,4
4543,8
4544,9
4545,1
4546,14
4547,10
4548,1
4549,1
4550,13
4551,6
4552,5
4553,13
4554,11
4555,2
4556,7
4557,14
4558,4
4559,8
4560,4
4561,3
4562,7
4563,11
4564,3
4565,10
4566,8
4567,2
4568,2
4569,7
4570,5
4571,11
4572,1
4573,5
4574,6
4575,5
4576,4
4577,8
4578,9
4579,1
4580,9
4581,6
4582,4
4583,5
4584,1
4585,13
4586,7
4587,8
4588,3
4589,13
4590,13
4591,1
4592,5
4593,11
4594,11
4595,8
4596,3
4597,3
4598,9
4599,5
4600,6
4601,10
4602,3
4603,9
4604,13
4605,11
4606,2
4607,11
4608,9
4609,13
4610,2
4611,5
4612,1
4613,4
4614,6
4615,7
4616,14
4617,5
4618,1
4619,2
4620,5
4621,1
4622,5
4623,4
4624,10
4625,7
4626,5
4627,4
4628,9
4629,14
4630,6
4631,4
4632,4
4633,11
4634,4
4635,5
4636,11
4637,5
4638,3
4639,5
4640,1
4641,4
4642,7
4643,2
4644,5
4645,5
4646,13
4647,13
4648,2
4649,10
4650,1
4651,7
4652,5
4653,6
4654,4
4655,6
4656,1
4657,1
4658,6
4659,6
4660,5
4661,10
4662,1
4663,4
4664,11
4665,14
4666,3
4667,6
4668,1
4669,11
4670,11
4671,10
4672,13
4673,13
4674,3
4675,3
4676,13
4677,4
4678,5
4679,6
4680,6
4681,7
4682,5
4683,11
4684,11
4685,4
4686,9
4687,14
4688,5
4689,5
4690,10
4691,13
4692,4
4693,5
4694,2
4695,8
4696,6
4697,2
4698,5
4699,8
4700,10
4701,15
4702,15
4703,7
4704,2
4705,7
4706,4
4707,5
4708,9
4709,1
4710,3
4711,12
4712,5
4713,6
4714,4
4715,5
4716,13
4717,5
4718,7
4719,7
4720,13
4721,2
4722,5
4723,7
4724,1
4725,13
4726,10
4727,3
4728,4
4729,8
4730,5
4731,14
4732,5
4733,4
4734,10
4735,7
4736,6
4737,6
4738,2
4739,11
4740,6
4741,4
4742,5
4743,14
4744,7
4745,3
4746,8
4747,4
4748,13
4749,11
4750,1
4751,13
4752,2
4753,12
4754,5
4755,5
4756,5
4757,3
4758,3
4759,5
4760,1
4761,13
4762,6
4763,9
4764,7
4765,5
4766,7
4767,11
4768,7
4769,13
4770,15
4771,10
4772,5
4773,2
4774,1
4775,12
4776,1
4777,13
4778,11
4779,10
4780,3
4781,4
4782,8
4783,1
4784,5
4785,10
4786,10
4787,3
4788,1
4789,7
4790,3
4791,15
4792,1
4793,7
4794,2
4795,6
4796,12
4797,1
4798,3
4799,3
4800,5
4801,3
4802,5
4803,2
4804,4
4805,4
4806,6
4807,1
4808,4
4809,13
4810,13
4811,7
4812,2
4813,10
4814,10
4815,11
4816,5
4817,15
4818,11
4819,14
4820,14
4821,5
4822,5
4823,5
4824,5
4825,3
4826,5
4827,7
4828,3
4829,4
4830,4
4831,5
4832,13
4833,2
4834,1
4835,6
4836,5
4837,5
4838,9
4839,2
4840,3
4841,7
4842,7
4843,3
4844,7
4845,5
4846,8
4847,8
4848,5
4849,9
4850,1
4851,13
4852,1
4853,7
4854,8
4855,11
4856,5
4857,1
4858,12
4859,1
4860,3
4861,11
4862,4
4863,4
4864,6
4865,5
4866,6
4867,1
4868,13
4869,2
4870,14
4871,4
4872,4
4873,5
4874,3
4875,8
4876,3
4877,10
4878,4
4879,2
4880,11
4881,15
4882,15
4883,4
4884,7
4885,11
4886,2
4887,5
4888,4
4889,7
4890,5
4891,4
4892,7
4893,1
4894,4
4895,6
4896,6
4897,3
4898,7
4899,4
4900,13
4901,6
4902,14
4903,4
4904,7
4905,11
4906,2
4907,8
4908,11
4909,3
4910,4
4911,3
4912,4
4913,10
4914,3
4915,15
4916,4
4917,8
4918,4
4919,11
4920,13
4921,7
4922,5
4923,5
4924,7
4925,6
4926,7
4927,8
4928,7
4929,1
4930,10
4931,5
4932,1
4933,1
4934,3
4935,3
4936,7
4937,3
4938,11
4939,1
4940,7
4941,1
4942,3
4943,2
4944,6
4945,13
4946,5
4947,7
4948,11
4949,2
4950,2
4951,10
4952,9
4953,3
4954,2
4955,11
4956,6
4957,2
4958,10
4959,14
4960,15
4961,4
4962,4
4963,8
4964,15
4965,4
4966,2
4967,13
4968,6
4969,10
4970,3
4971,9
4972,6
4973,3
4974,13
4975,3
4976,6
4977,11
4978,4
4979,5
4980,4
4981,15
4982,8
4983,7
4984,5
4985,4
4986,2
4987,15
4988,2
4989,2
4990,8
4991,8
4992,2
4993,7
4994,15
4995,2
4996,1
4997,13
4998,15
4999,13
5000,10
5001,11
5002,4
5003,5
5004,7
5005,5
5006,3
5007,6
5008,4
5009,7
5010,14
5011,3
5012,11
5013,8
5014,6
5015,1
5016,1
5017,1
5018,7
5019,15
5020,4
5021,5
5022,5
5023,10
5024,6
5025,5
5026,2
5027,1
5028,1
5029,11
5030,3
5031,7
5032,8
5033,1
5034,7
5035,4
5036,1
5037,4
5038,3
5039,7
5040,7
5041,10
5042,4
5043,8
5044,5
5045,3
5046,13
5047,5
5048,4
5049,2
5050,2
5051,9
5052,8
5053,2
5054,5
5055,3
5056,3
5057,6
5058,6
5059,4
5060,3
5061,4
5062,5
5063,4
5064,6
5065,5
5066,10
5067,5
5068,2
5069,2
5070,4
5071,7
5072,4
5073,8
5074,5
5075,5
5076,1
5077,5
5078,3
5079,1
5080,4
5081,4
5082,9
5083,14
5084,5
5085,13
5086,2
5087,5
5088,4
5089,6
5090,3
5091,11
5092,4
5093,2
5094,13
5095,8
5096,2
5097,5
5098,11
5099,9
5100,13
5101,7
5102,6
5103,6
5104,5
5105,4
5106,4
5107,6
5108,13
5109,3
5110,2
5111,9
5112,2
5113,6
5114,3
5115,3
5116,2
5117,13
5118,6
5119,3
5120,7
5121,13
5122,9
5123,11
5124,14
5125,2
5126,14
5127,3
5128,4
5129,8
5130,5
5131,5
5132,12
5133,7
5134,6
5135,11
5136,2
5137,2
5138,9
5139,1
5140,6
5141,5
5142,5
5143,9
5144,14
5145,14
5146,8
5147,2
5148,3
5149,15
5150,6
5151,14
5152,8
5153,3
5154,11
5155,5
5156,11
5157,4
5158,14
5159,1
5160,7
5161,8
5162,4
5163,6
5164,5
5165,11
5166,10
5167,14
5168,6
5169,8
5170,5
5171,1
5172,13
5173,13
5174,7
5175,15
5176,15
5177,11
5178,9
5179,11
5180,7
5181,6
5182,8
5183,7
5184,14
5185,3
5186,15
5187,7
5188,7
5189,6
5190,5
5191,8
5192,3
5193,14
5194,13
5195,5
5196,12
5197,9
5198,11
5199,7
5200,4
5201,3
5202,13
5203,12
5204,4
5205,13
5206,5
5207,12
5208,4
5209,4
5210,1
5211,6
5212,13
5213,5
5214,11
5215,5
5216,8
5217,6
5218,2
5219,6
5220,5
5221,6
5222,14
5223,7
5224,11
5225,5
5226,15
5227,2
5228,11
5229,1
5230,11
5231,5
5232,3
5233,6
5234,7
5235,10
5236,2
5237,6
5238,4
5239,5
5240,7
5241,15
5242,2
5243,2
5244,7
5245,14
5246,5
5247,4
5248,5
5249,4
5250,5
5251,8
5252,3
5253,11
5254,2
5255,2
5256,3
5257,1
5258,3
5259,9
5260,5
5261,12
5262,7
5263,2
5264,2
5265,15
5266,2
5267,10
5268,5
5269,13
5270,15
5271,6
5272,2
5273,2
5274,13
5275,7
5276,5
5277,9
5278,5
5279,13
5280,7
5281,9
5282,4
5283,11
5284,7
5285,12
5286,14
5287,5
5288,5
5289,14
5290,13
5291,1
5292,8
5293,5
5294,12
5295,5
5296,13
5297,4
5298,8
5299,4
5300,4
5301,4
5302,2
5303,6
5304,5
5305,5
5306,5
5307,5
5308,11
5309,7
5310,8
5311,13
5312,10
5313,6
5314,4
5315,2
5316,10
5317,5
5318,4
5319,7
5320,3
5321,2
5322,5
5323,3
5324,8
5325,5
5326,4
5327,4
5328,13
5329,6
5330,7
5331,4
5332,5
5333,4
5334,11
5335,10
5336,14
5337,6
5338,13
5339,6
5340,5
5341,2
5342,12
5343,8
5344,9
5345,6
5346,7
5347,8
5348,13
5349,6
5350,8
5351,5
5352,9
5353,6
5354,1
5355,7
5356,2
5357,1
5358,7
5359,11
5360,1
5361,4
5362,3
5363,3
5364,4
5365,4
5366,5
5367,3
5368,6
5369,5
5370,8
5371,15
5372,11
5373,5
5374,15
5375,7
5376,14
5377,4
5378,5
5379,8
5380,5
5381,10
5382,6
5383,11
5384,7
5385,5
5386,3
5387,6
5388,11
5389,7
5390,11
5391,4
5392,2
5393,14
5394,11
5395,3
5396,1
5397,6
5398,2
5399,9
5400,2
5401,2
5402,6
5403,7
5404,11
5405,7
5406,7
5407,12
5408,3
5409,9
5410,11
5411,4
5412,13
5413,5
5414,14
5415,15
5416,10
5417,8
5418,7
5419,6
5420,11
5421,5
5422,5
5423,4
5424,1
5425,14
5426,10
5427,7
5428,7
5429,11
5430,13
5431,4
5432,4
5433,4
5434,5
5435,8
5436,5
5437,7
5438,14
5439,3
5440,11
5441,1
5442,6
5443,15
5444,5
5445,15
5446,6
5447,3
5448,5
5449,8
5450,2
5451,4
5452,5
5453,9
5454,14
5455,1
5456,3
5457,7
5458,13
5459,11
5460,5
5461,14
5462,11
5463,14
5464,4
5465,1
5466,7
5467,3
5468,5
5469,12
5470,5
5471,2
5472,6
5473,6
5474,3
5475,10
5476,4
5477,7
5478,12
5479,10
5480,10
5481,13
5482,1
5483,12
5484,13
5485,15
5486,11
5487,5
5488,4
5489,4
5490,6
5491,1
5492,11
5493,6
5494,7
5495,9
5496,7
5497,5
5498,2
5499,1
5500,13
5501,14
5502,6
5503,8
5504,1
5505,5
5506,11
5507,7
5508,1
5509,5
5510,5
5511,13
5512,13
5513,8
5514,1
5515,13
5516,11
5517,11
5518,5
5519,4
5520,15
5521,4
5522,5
5523,1
5524,3
5525,4
5526,11
5527,4
5528,13
5529,6
5530,5
5531,5
5532,3
5533,13
5534,14
5535,3
5536,7
5537,6
5538,3
5539,5
5540,4
5541,6
5542,5
5543,10
5544,7
5545,7
5546,13
5547,11
5548,6
5549,13
5550,9
5551,12
5552,14
5553,4
5554,8
5555,1
5556,6
5557,2
5558,11
5559,1
5560,9
5561,9
5562,11
5563,2
5564,7
5565,4
5566,14
5567,3
5568,9
5569,11
5570,9
5571,1
5572,5
5573,6
5574,5
5575,3
5576,5
5577,3
5578,1
5579,11
5580,3
5581,12
5582,9
5583,3
5584,7
5585,14
5586,4
5587,6
5588,13
5589,4
5590,7
5591,3
5592,5
5593,3
5594,6
5595,4
5596,13
5597,10
5598,7
5599,1
5600,10
5601,13
5602,2
5603,4
5604,1
5605,3
5606,5
5607,9
5608,2
5609,6
5610,5
5611,8
5612,15
5613,12
5614,5
5615,6
5616,10
5617,14
5618,4
5619,3
5620,8
5621,5
5622,5
5623,11
5624,5
5625,13
5626,14
5627,8
5628,3
5629,7
5630,8
5631,5
5632,5
5633,3
5634,15
5635,14
5636,8
5637,7
5638,15
5639,13
5640,5
5641,5
5642,1
5643,7
5644,11
5645,8
5646,11
5647,2
5648,6
5649,5
5650,5
5651,7
5652,3
5653,5
5654,2
5655,3
5656,8
5657,7
5658,7
5659,7
5660,6
5661,5
5662,3
5663,6
5664,11
5665,10
5666,1
5667,6
5668,10
5669,3
5670,8
5671,6
5672,5
5673,2
5674,6
5675,10
5676,12
5677,4
5678,1
5679,6
5680,13
5681,15
5682,7
5683,7
5684,7
5685,7
5686,10
5687,6
5688,13
5689,7
5690,5
5691,5
5692,7
5693,5
5694,10
5695,9
5696,4
5697,9
5698,7
5699,13
5700,9
5701,4
5702,2
5703,13
5704,4
5705,7
5706,8
5707,5
5708,3
5709,1
5710,14
5711,10
5712,5
5713,5
5714,4
5715,13
5716,7
5717,13
5718,3
5719,6
5720,3
5721,11
5722,1
5723,10
5724,2
5725,3
5726,5
5727,8
5728,13
5729,2
5730,3
5731,11
5732,1
5733,13
5734,3
5735,13
5736,15
5737,7
5738,11
5739,5
5740,6
5741,6
5742,6
5743,1
5744,3
5745,11
5746,3
5747,6
5748,3
5749,13
5750,8
5751,13
5752,11
5753,15
5754,5
5755,3
5756,1
5757,15
5758,8
5759,6
5760,1
5761,8
5762,1
5763,9
5764,5
5765,7
5766,1
5767,6
5768,9
5769,2
5770,8
5771,11
5772,14
5773,8
5774,3
5775,6
5776,5
5777,4
5778,9
5779,5
5780,5
5781,15
5782,13
5783,7
5784,8
5785,5
5786,7
5787,1
5788,2
5789,14
5790,6
5791,6
5792,8
5793,1
5794,4
5795,1
5796,11
5797,13
5798,5
5799,4
5800,9
5801,1
5802,11
5803,3
5804,2
5805,4
5806,6
5807,10
5808,1
5809,4
5810,10
5811,5
5812,6
5813,6
5814,4
5815,3
5816,14
5817,1
5818,1
5819,13
5820,10
5821,1
5822,8
5823,4
5824,1
5825,14
5826,5
5827,5
5828,5
5829,10
5830,11
5831,5
5832,11
5833,13
5834,1
5835,4
5836,11
5837,7
5838,11
5839,4
5840,6
5841,15
5842,9
5843,7
5844,11
5845,5
5846,4
5847,1
5848,14
5849,13
5850,5
5851,2
5852,13
5853,3
5854,8
5855,6
5856,1
5857,4
5858,5
5859,5
5860,4
5861,11
5862,7
5863,3
5864,15
5865,7
5866,3
5867,13
5868,15
5869,8
5870,4
5871,3
5872,1
5873,4
5874,7
5875,1
5876,2
5877,3
5878,9
5879,1
5880,13
5881,9
5882,2
5883,11
5884,1
5885,6
5886,8
5887,11
5888,4
5889,6
5890,9
5891,11
5892,7
5893,2
5894,13
5895,11
5896,4
5897,8
5898,14
5899,5
5900,2
5901,13
5902,4
5903,7
5904,6
5905,9
5906,7
5907,6
5908,8
5909,2
5910,4
5911,1
5912,4
5913,5
5914,5
5915,4
5916,6
5917,7
5918,3
5919,7
5920,15
5921,1
5922,3
5923,2
5924,10
5925,11
5926,7
5927,8
5928,7
5929,3
5930,2
5931,11
5932,2
5933,7
5934,6
5935,5
5936,1
5937,3
5938,10
5939,5
5940,1
5941,11
5942,11
5943,1
5944,11
5945,6
5946,5
5947,6
5948,7
5949,6
5950,3
5951,6
5952,8
5953,4
5954,3
5955,9
5956,7
5957,11
5958,6
5959,3
5960,10
5961,1
5962,5
5963,6
5964,6
5965,4
5966,3
5967,4
5968,6
5969,14
5970,4
5971,10
5972,1
5973,13
5974,7
5975,5
5976,4
5977,8
5978,6
5979,4
5980,5
5981,5
5982,5
5983,8
5984,11
5985,7
5986,11
5987,4
5988,3
5989,4
5990,5
5991,5
5992,4
5993,8
5994,1
5995,3
5996,13
5997,13
5998,2
5999,12
6000,13
6001,8
6002,8
6003,10
6004,2
6005,5
6006,5
6007,2
6008,5
6009,11
6010,3
6011,6
6012,8
6013,3
6014,14
6015,9
6016,14
6017,6
6018,8
6019,6
6020,1
6021,11
6022,4
6023,5
6024,6
6025,10
6026,8
6027,6
6028,9
6029,5
6030,4
6031,8
6032,1
6033,5
6034,14
6035,2
6036,4
6037,6
6038,1
6039,3
6040,15
6041,13
6042,5
6043,3
6044,15
6045,15
6046,14
6047,6
6048,9
6049,3
6050,14
6051,2
6052,1
6053,14
6054,11
6055,1
6056,15
6057,14
6058,7
6059,3
6060,6
6061,6
6062,4
6063,1
6064,1
6065,4
6066,3
6067,2
6068,12
6069,4
6070,3
6071,4
6072,11
6073,1
6074,2
6075,9
6076,7
6077,4
6078,5
6079,14
6080,1
6081,4
6082,15
6083,5
6084,4
6085,8
6086,5
6087,11
6088,2
6089,13
6090,5
6091,7
6092,7
6093,7
6094,1
6095,11
6096,13
6097,5
6098,3
6099,8
6100,5
6101,14
6102,14
6103,9
6104,4
6105,11
6106,6
6107,11
6108,10
6109,8
6110,7
6111,6
6112,11
6113,11
6114,8
6115,15
6116,6
6117,2
6118,11
6119,13
6120,3
6121,1
6122,13
6123,5
6124,10
6125,13
6126,6
6127,6
6128,5
6129,5
6130,11
6131,1
6132,2
6133,11
6134,10
6135,5
6136,1
6137,14
6138,5
6139,6
6140,6
6141,13
6142,9
6143,1
6144,7
6145,6
6146,4
6147,4
6148,6
6149,2
6150,13
6151,6
6152,2
6153,9
6154,10
6155,12
6156,2
6157,1
6158,7
6159,5
6160,3
6161,10
6162,6
6163,5
6164,3
6165,9
6166,13
6167,2
6168,5
6169,6
6170,14
6171,1
6172,4
6173,4
6174,1
6175,6
6176,6
6177,4
6178,6
6179,1
6180,1
6181,14
6182,4
6183,4
6184,8
6185,10
6186,6
6187,5
6188,15
6189,4
6190,4
6191,6
6192,6
6193,8
6194,4
6195,3
6196,4
6197,11
6198,3
6199,7
6200,10
6201,5
6202,9
6203,11
6204,15
6205,9
6206,11
6207,13
6208,1
6209,14
6210,2
6211,15
6212,4
6213,9
6214,4
6215,6
6216,5
6217,3
6218,13
6219,7
6220,4
6221,4
6222,3
6223,8
6224,11
6225,11
6226,10
6227,11
6228,5
6229,4
6230,7
6231,4
6232,5
6233,7
6234,6
6235,8
6236,9
6237,9
6238,6
6239,11
6240,1
6241,2
6242,5
6243,9
6244,4
6245,10
6246,11
6247,2
6248,4
6249,4
6250,3
6251,5
6252,3
6253,4
6254,1
6255,13
6256,9
6257,13
6258,4
6259,5
6260,13
6261,7
6262,5
6263,10
6264,8
6265,11
6266,13
6267,6
6268,1
6269,13
6270,9
6271,13
6272,3
6273,11
6274,4
6275,4
6276,7
6277,9
6278,3
6279,8
6280,7
6281,8
6282,14
6283,11
6284,5
6285,5
6286,8
6287,5
6288,1
6289,11
6290,11
6291,5
6292,9
6293,7
6294,7
6295,13
6296,10
6297,5
6298,3
6299,13
6300,5
6301,13
6302,10
6303,1
6304,6
6305,1
6306,5
6307,12
6308,5
6309,4
6310,2
6311,7
6312,6
6313,2
6314,10
6315,10
6316,15
6317,8
6318,6
6319,6
6320,7
6321,5
6322,5
6323,6
6324,4
6325,3
6326,3
6327,4
6328,15
6329,6
6330,13
6331,6
6332,14
6333,3
6334,1
6335,8
6336,11
6337,6
6338,1
6339,11
6340,2
6341,3
6342,2
6343,3
6344,7
6345,11
6346,10
6347,10
6348,4
6349,5
6350,2
6351,7
6352,7
6353,5
6354,9
6355,4
6356,11
6357,6
6358,9
6359,4
6360,5
6361,5
6362,4
6363,6
6364,2
6365,9
6366,10
6367,4
6368,8
6369,11
6370,1
6371,11
6372,2
6373,1
6374,2
6375,14
6376,3
6377,15
6378,1
6379,4
6380,9
6381,5
6382,1
6383,1
6384,7
6385,7
6386,13
6387,2
6388,11
6389,3
6390,1
6391,7
6392,7
6393,4
6394,14
6395,11
6396,6
6397,6
6398,8
6399,1
6400,3
6401,8
6402,3
6403,5
6404,4
6405,9
6406,6
6407,6
6408,14
6409,3
6410,7
6411,2
6412,3
6413,4
6414,14
6415,9
6416,7
6417,13
6418,7
6419,1
6420,10
6421,5
6422,5
6423,6
6424,11
6425,2
6426,13
6427,5
6428,7
6429,4
6430,2
6431,9
6432,8
6433,7
6434,3
6435,7
6436,13
6437,2
6438,5
6439,4
6440,2
6441,11
6442,1
6443,4
6444,7
6445,13
6446,5
6447,8
6448,5
6449,7
6450,10
6451,13
6452,6
6453,14
6454,9
6455,9
6456,11
6457,7
6458,1
6459,2
6460,10
6461,2
6462,1
6463,10
6464,4
6465,10
6466,2
6467,4
6468,3
6469,9
6470,13
6471,11
6472,2
6473,2
6474,7
6475,1
6476,8
6477,11
6478,15
6479,2
6480,3
6481,3
6482,13
6483,5
6484,3
6485,5
6486,5
6487,6
